<toolSet name="External Tools">
  <tool name="ninja" showInMainMenu="true" showInEditor="true" showInProject="true" showInSearchPopup="true" disabled="false" useConsole="true" showConsoleOnStdOut="true" showConsoleOnStdErr="true" synchronizeAfterRun="true">
    <exec>
      <option name="COMMAND" value="ninja" />
      <option name="PARAMETERS" />
      <option name="WORKING_DIRECTORY" value="$ProjectFileDir$/build/" />
    </exec>
  </tool>
  <tool name="build" showInMainMenu="true" showInEditor="true" showInProject="true" showInSearchPopup="true" disabled="false" useConsole="true" showConsoleOnStdOut="false" showConsoleOnStdErr="false" synchronizeAfterRun="true">
    <exec>
      <option name="COMMAND" value="./build.sh" />
      <option name="PARAMETERS" value="release" />
      <option name="WORKING_DIRECTORY" value="$ProjectFileDir$/" />
    </exec>
  </tool>
  <tool name="cmake_ninja" showInMainMenu="true" showInEditor="true" showInProject="true" showInSearchPopup="true" disabled="false" useConsole="true" showConsoleOnStdOut="false" showConsoleOnStdErr="false" synchronizeAfterRun="true">
    <exec>
      <option name="COMMAND" value="$ProjectFileDir$/cmake_ninja.sh" />
      <option name="PARAMETERS" value="release" />
      <option name="WORKING_DIRECTORY" value="$ProjectFileDir$" />
    </exec>
  </tool>
</toolSet>