<application>
  <component name="ProjectManager">
    <defaultProject>
      <component name="CMakeSettings">
        <configurations>
          <configuration CONFIG_NAME="Debug" />
        </configurations>
      </component>
      <component name="PropertiesComponent">
        <property name="settings.editor.selected.configurable" value="configurable.group.appearance" />
        <property name="settings.editor.splitter.proportion" value="0.2" />
      </component>
    </defaultProject>
  </component>
</application>