<application>
  <component name="VimSettings">
    <state version="4" enabled="true" />
    <globalmarks />
    <filemarks>
      <file name="/start_script.py" timestamp="1487176661430">
        <mark key="[" line="0" column="0" />
      </file>
      <file name="$USER_HOME$/Research/mech_trans/src/Primitives/BasicPrimitive.h" timestamp="1472132387673">
        <mark key="'" line="10" column="31" />
        <mark key="[" line="51" column="23" />
        <mark key="]" line="52" column="29" />
        <mark key="^" line="52" column="29" />
        <mark key="." line="52" column="29" />
      </file>
      <file name="$USER_HOME$/dependencies/libigl/include/igl/dihedral_angles.cpp" timestamp="1472135430449">
        <mark key="[" line="46" column="2" />
        <mark key="]" line="65" column="23" />
        <mark key="^" line="65" column="23" />
        <mark key="." line="65" column="23" />
      </file>
      <file name="$USER_HOME$/Research/mech_trans/src/GeometryUtilities/OriMesh.cpp" timestamp="1472132865594">
        <mark key="[" line="43" column="6" />
        <mark key="]" line="43" column="40" />
        <mark key="." line="43" column="40" />
        <mark key="^" line="43" column="40" />
      </file>
      <file name="/a.dummy" timestamp="1472135204139">
        <mark key="[" line="0" column="0" />
      </file>
      <file name="$USER_HOME$/dependencies/libigl/include/igl/biharmonic_coordinates.cpp" timestamp="1472137148315">
        <mark key="[" line="50" column="4" />
        <mark key="]" line="50" column="10" />
        <mark key="^" line="50" column="10" />
        <mark key="." line="50" column="10" />
      </file>
      <file name="$USER_HOME$/Playground/CinderGP/src/CinderGP.cpp" timestamp="1487270382761">
        <mark key="a" line="173" column="1" />
        <mark key="c" line="510" column="0" />
        <mark key="'" line="1384" column="7" />
        <mark key="[" line="328" column="2" />
        <mark key="]" line="328" column="2" />
        <mark key="." line="328" column="2" />
        <mark key="^" line="343" column="2" />
      </file>
      <file name="$USER_HOME$/Research/mech_trans/src/Primitives/BasicPrimitive.cpp" timestamp="1472132351478">
        <mark key="[" line="39" column="2" />
        <mark key="]" line="39" column="1" />
        <mark key="^" line="39" column="1" />
        <mark key="." line="39" column="1" />
      </file>
      <file name="$USER_HOME$/dependencies/libigl/include/igl/cotmatrix_entries.cpp" timestamp="1472135481367">
        <mark key="[" line="73" column="6" />
        <mark key="]" line="73" column="12" />
        <mark key="^" line="73" column="12" />
        <mark key="." line="73" column="12" />
      </file>
      <file name="$USER_HOME$/Research/ofxGeoFramework/src/main.cpp" timestamp="1469110765111">
        <mark key="[" line="0" column="0" />
        <mark key="]" line="0" column="0" />
        <mark key="." line="0" column="0" />
        <mark key="^" line="0" column="0" />
      </file>
      <file name="$USER_HOME$/Playground/Cinder/include/cinder/CinderMath.h" timestamp="1487251503705">
        <mark key="'" line="149" column="5" />
      </file>
      <file name="$USER_HOME$/Repos/Cinder/samples/Geometry-ImGui/src/Geometry-ImGuiApp.cpp" timestamp="1474041469215">
        <mark key="'" line="177" column="2" />
        <mark key="[" line="305" column="0" />
        <mark key="]" line="305" column="47" />
        <mark key="." line="14" column="21" />
        <mark key="^" line="14" column="21" />
      </file>
      <file name="$USER_HOME$/Research/mech_trans/src/Scene.cpp" timestamp="1472126340784">
        <mark key="'" line="61" column="12" />
        <mark key="[" line="71" column="0" />
        <mark key="]" line="71" column="0" />
        <mark key="^" line="70" column="16" />
        <mark key="." line="71" column="0" />
      </file>
      <file name="$USER_HOME$/dependencies/libigl/include/igl/min_quad_with_fixed.cpp" timestamp="1472135634724">
        <mark key="[" line="388" column="10" />
        <mark key="]" line="388" column="16" />
        <mark key="^" line="388" column="16" />
        <mark key="." line="388" column="16" />
      </file>
      <file name="$USER_HOME$/Playground/Cinder/include/glm/detail/func_geometric.inl" timestamp="1487269612733">
        <mark key="[" line="148" column="0" />
        <mark key="]" line="148" column="1" />
        <mark key="." line="148" column="1" />
        <mark key="^" line="148" column="1" />
      </file>
      <file name="$USER_HOME$/Research/ofxGeoFramework/cmake_ninja.sh" timestamp="1469198869790">
        <mark key="[" line="9" column="0" />
        <mark key="]" line="9" column="11" />
        <mark key="^" line="9" column="11" />
        <mark key="." line="9" column="11" />
      </file>
      <file name="$USER_HOME$/dependencies/libigl/tutorial/405_AsRigidAsPossible/main.cpp" timestamp="1471535663940">
        <mark key="[" line="105" column="7" />
        <mark key="]" line="105" column="7" />
        <mark key="." line="105" column="7" />
        <mark key="^" line="105" column="7" />
      </file>
      <file name="$USER_HOME$/Research/mech_trans/src/GeometryUtilities/OriMesh.h" timestamp="1472132710397">
        <mark key="'" line="0" column="0" />
        <mark key="[" line="41" column="18" />
        <mark key="]" line="41" column="19" />
        <mark key="^" line="41" column="1" />
        <mark key="." line="41" column="19" />
      </file>
      <file name="$USER_HOME$/Research/mech_trans/src/Assembly.h" timestamp="1472138508802">
        <mark key="'" line="271" column="39" />
        <mark key="[" line="62" column="0" />
        <mark key="]" line="62" column="18" />
        <mark key="." line="62" column="0" />
        <mark key="^" line="126" column="8" />
      </file>
      <file name="$USER_HOME$/Research/ofxGeoFramework/src/ofApp.cpp" timestamp="1472566880092">
        <mark key="[" line="1" column="0" />
        <mark key="]" line="1" column="14" />
        <mark key="." line="1" column="0" />
      </file>
      <file name="$USER_HOME$/Research/ofxGeoFramework/src/ofApp.h" timestamp="1472566604984">
        <mark key="[" line="2" column="0" />
        <mark key="]" line="4" column="6" />
        <mark key="." line="2" column="0" />
      </file>
      <file name="/Dummy.txt" timestamp="1471966304825">
        <mark key="[" line="0" column="0" />
      </file>
      <file name="$USER_HOME$/Research/ofLiveApp/src/ofApp.h" timestamp="1469118938041">
        <mark key="[" line="32" column="38" />
        <mark key="]" line="34" column="0" />
        <mark key="." line="34" column="0" />
        <mark key="^" line="8" column="8" />
      </file>
      <file name="$USER_HOME$/Research/mech_trans/src/Assembly.cpp" timestamp="1474031046306">
        <mark key="'" line="3151" column="91" />
        <mark key="[" line="777" column="0" />
        <mark key="]" line="777" column="27" />
        <mark key="." line="777" column="0" />
        <mark key="^" line="1310" column="3" />
      </file>
      <file name="$USER_HOME$/Research/ofLiveApp/CMakeLists.txt" timestamp="1469117631584">
        <mark key="[" line="16" column="26" />
        <mark key="]" line="16" column="27" />
        <mark key="." line="16" column="27" />
        <mark key="^" line="16" column="27" />
      </file>
      <file name="$USER_HOME$/dependencies/libigl/include/igl/face_areas.cpp" timestamp="1472135343586">
        <mark key="[" line="34" column="2" />
        <mark key="]" line="34" column="8" />
        <mark key="^" line="34" column="8" />
        <mark key="." line="34" column="8" />
      </file>
      <file name="$USER_HOME$/Research/ofxGeoFramework/src/ofLive.cpp" timestamp="1469203192628">
        <mark key="[" line="86" column="65" />
        <mark key="]" line="86" column="78" />
        <mark key="." line="86" column="78" />
        <mark key="^" line="86" column="78" />
      </file>
      <file name="$USER_HOME$/dependencies/libigl/include/igl/is_symmetric.cpp" timestamp="1472135615991">
        <mark key="[" line="60" column="2" />
        <mark key="]" line="60" column="8" />
        <mark key="^" line="60" column="8" />
        <mark key="." line="60" column="8" />
      </file>
      <file name="$USER_HOME$/dependencies/libigl/include/igl/massmatrix.cpp" timestamp="1472135600588">
        <mark key="[" line="93" column="10" />
        <mark key="]" line="93" column="16" />
        <mark key="^" line="93" column="16" />
        <mark key="." line="93" column="16" />
      </file>
      <file name="$USER_HOME$/Research/mech_trans/CMakeLists.txt" timestamp="1474038044504">
        <mark key="'" line="145" column="0" />
        <mark key="[" line="4" column="19" />
        <mark key="]" line="4" column="19" />
        <mark key="." line="4" column="19" />
        <mark key="^" line="4" column="19" />
      </file>
      <file name="$USER_HOME$/Repos/Cinder/samples/Imgui/src/BasicApp.cpp" timestamp="1473955993711">
        <mark key="[" line="162" column="0" />
        <mark key="]" line="162" column="0" />
        <mark key="." line="162" column="0" />
      </file>
      <file name="$USER_HOME$/Repos/Cinder/samples/Geometry/src/GeometryApp.cpp" timestamp="1473953204948">
        <mark key="[" line="356" column="0" />
        <mark key="]" line="599" column="1" />
        <mark key="." line="599" column="1" />
        <mark key="^" line="599" column="1" />
      </file>
      <file name="$USER_HOME$/Playground/CinderGP/CMakeLists.txt" timestamp="1487176828486">
        <mark key="[" line="3" column="16" />
        <mark key="]" line="3" column="17" />
        <mark key="." line="3" column="17" />
        <mark key="^" line="3" column="17" />
      </file>
      <file name="$USER_HOME$/dependencies/libigl/tutorial/102_DrawMesh/main.cpp" timestamp="1473944513185">
        <mark key="]" line="10" column="55" />
        <mark key="^" line="10" column="55" />
        <mark key="." line="10" column="55" />
      </file>
      <file name="$USER_HOME$/dependencies/libigl/include/igl/cotmatrix.cpp" timestamp="1472135516589">
        <mark key="[" line="58" column="2" />
        <mark key="]" line="58" column="8" />
        <mark key="^" line="58" column="8" />
        <mark key="." line="58" column="8" />
      </file>
      <file name="$USER_HOME$/dependencies/libigl/include/igl/normal_derivative.cpp" timestamp="1472135705387">
        <mark key="[" line="93" column="6" />
        <mark key="]" line="93" column="12" />
        <mark key="^" line="93" column="12" />
        <mark key="." line="93" column="12" />
      </file>
      <file name="$USER_HOME$/Playground/Cinder/include/glm/detail/type_vec.hpp" timestamp="1487261350255">
        <mark key="'" line="178" column="15" />
      </file>
    </filemarks>
    <jumps>
      <jump line="61" column="12" filename="$USER_HOME$/Research/mech_trans/src/Scene.cpp" />
      <jump line="1577" column="23" filename="$USER_HOME$/Research/mech_trans/src/Assembly.cpp" />
      <jump line="3085" column="0" filename="$USER_HOME$/Research/mech_trans/src/Assembly.cpp" />
      <jump line="1575" column="13" filename="$USER_HOME$/Research/mech_trans/src/Assembly.cpp" />
      <jump line="1289" column="52" filename="$USER_HOME$/Research/mech_trans/src/Assembly.cpp" />
      <jump line="124" column="7" filename="$USER_HOME$/Research/mech_trans/src/Assembly.h" />
      <jump line="260" column="39" filename="$USER_HOME$/Research/mech_trans/src/Assembly.h" />
      <jump line="130" column="15" filename="$USER_HOME$/Research/mech_trans/src/Primitives/BasicPrimitive.h" />
      <jump line="10" column="31" filename="$USER_HOME$/Research/mech_trans/src/Primitives/BasicPrimitive.h" />
      <jump line="0" column="0" filename="$USER_HOME$/Research/mech_trans/src/GeometryUtilities/OriMesh.h" />
      <jump line="3082" column="31" filename="$USER_HOME$/Research/mech_trans/src/Assembly.cpp" />
      <jump line="3104" column="0" filename="$USER_HOME$/Research/mech_trans/src/Assembly.cpp" />
      <jump line="17" column="37" filename="$USER_HOME$/Research/mech_trans/src/Assembly.cpp" />
      <jump line="1342" column="19" filename="$USER_HOME$/Research/mech_trans/src/Assembly.cpp" />
      <jump line="76" column="14" filename="$USER_HOME$/Research/ofxGeoFrameworkKai/CMakeLists.txt" />
      <jump line="103" column="8" filename="$USER_HOME$/Research/ofxGeoFrameworkKai/CMakeLists.txt" />
      <jump line="101" column="8" filename="$USER_HOME$/Research/ofxGeoFrameworkKai/CMakeLists.txt" />
      <jump line="100" column="8" filename="$USER_HOME$/Research/ofxGeoFrameworkKai/CMakeLists.txt" />
      <jump line="98" column="8" filename="$USER_HOME$/Research/ofxGeoFrameworkKai/CMakeLists.txt" />
      <jump line="97" column="8" filename="$USER_HOME$/Research/ofxGeoFrameworkKai/CMakeLists.txt" />
      <jump line="96" column="8" filename="$USER_HOME$/Research/ofxGeoFrameworkKai/CMakeLists.txt" />
      <jump line="95" column="8" filename="$USER_HOME$/Research/ofxGeoFrameworkKai/CMakeLists.txt" />
      <jump line="94" column="8" filename="$USER_HOME$/Research/ofxGeoFrameworkKai/CMakeLists.txt" />
      <jump line="93" column="8" filename="$USER_HOME$/Research/ofxGeoFrameworkKai/CMakeLists.txt" />
      <jump line="92" column="8" filename="$USER_HOME$/Research/ofxGeoFrameworkKai/CMakeLists.txt" />
      <jump line="90" column="8" filename="$USER_HOME$/Research/ofxGeoFrameworkKai/CMakeLists.txt" />
      <jump line="89" column="8" filename="$USER_HOME$/Research/ofxGeoFrameworkKai/CMakeLists.txt" />
      <jump line="88" column="8" filename="$USER_HOME$/Research/ofxGeoFrameworkKai/CMakeLists.txt" />
      <jump line="87" column="8" filename="$USER_HOME$/Research/ofxGeoFrameworkKai/CMakeLists.txt" />
      <jump line="86" column="8" filename="$USER_HOME$/Research/ofxGeoFrameworkKai/CMakeLists.txt" />
      <jump line="85" column="8" filename="$USER_HOME$/Research/ofxGeoFrameworkKai/CMakeLists.txt" />
      <jump line="84" column="8" filename="$USER_HOME$/Research/ofxGeoFrameworkKai/CMakeLists.txt" />
      <jump line="83" column="8" filename="$USER_HOME$/Research/ofxGeoFrameworkKai/CMakeLists.txt" />
      <jump line="82" column="8" filename="$USER_HOME$/Research/ofxGeoFrameworkKai/CMakeLists.txt" />
      <jump line="81" column="8" filename="$USER_HOME$/Research/ofxGeoFrameworkKai/CMakeLists.txt" />
      <jump line="80" column="8" filename="$USER_HOME$/Research/ofxGeoFrameworkKai/CMakeLists.txt" />
      <jump line="79" column="8" filename="$USER_HOME$/Research/ofxGeoFrameworkKai/CMakeLists.txt" />
      <jump line="42" column="21" filename="$USER_HOME$/Research/ofxGeoFrameworkKai/CMakeLists.txt" />
      <jump line="40" column="21" filename="$USER_HOME$/Research/ofxGeoFrameworkKai/CMakeLists.txt" />
      <jump line="38" column="18" filename="$USER_HOME$/Research/ofxGeoFrameworkKai/CMakeLists.txt" />
      <jump line="37" column="4" filename="$USER_HOME$/Research/ofxGeoFrameworkKai/CMakeLists.txt" />
      <jump line="36" column="5" filename="$USER_HOME$/Research/ofxGeoFrameworkKai/CMakeLists.txt" />
      <jump line="127" column="8" filename="$USER_HOME$/Research/ofxGeoFrameworkKai/CMakeLists.txt" />
      <jump line="126" column="8" filename="$USER_HOME$/Research/ofxGeoFrameworkKai/CMakeLists.txt" />
      <jump line="124" column="8" filename="$USER_HOME$/Research/ofxGeoFrameworkKai/CMakeLists.txt" />
      <jump line="123" column="8" filename="$USER_HOME$/Research/ofxGeoFrameworkKai/CMakeLists.txt" />
      <jump line="367" column="0" filename="$USER_HOME$/Repos/Cinder/samples/Geometry-ImGui/src/Geometry-ImGuiApp.cpp" />
      <jump line="3" column="23" filename="$USER_HOME$/Repos/Cinder/samples/Geometry-ImGui/src/Geometry-ImGuiApp.cpp" />
      <jump line="14" column="19" filename="$USER_HOME$/Repos/Cinder/samples/Geometry-ImGui/src/Geometry-ImGuiApp.cpp" />
      <jump line="67" column="28" filename="$USER_HOME$/Repos/Cinder/samples/Geometry-ImGui/src/Geometry-ImGuiApp.cpp" />
      <jump line="163" column="19" filename="$USER_HOME$/Repos/Cinder/samples/Geometry-ImGui/src/Geometry-ImGuiApp.cpp" />
      <jump line="241" column="0" filename="$USER_HOME$/Repos/Cinder/samples/Geometry-ImGui/src/Geometry-ImGuiApp.cpp" />
      <jump line="3062" column="13" filename="$USER_HOME$/Research/mech_trans/src/Assembly.cpp" />
      <jump line="3110" column="41" filename="$USER_HOME$/Research/mech_trans/src/Assembly.cpp" />
      <jump line="3111" column="8" filename="$USER_HOME$/Research/mech_trans/src/Assembly.cpp" />
      <jump line="3112" column="41" filename="$USER_HOME$/Research/mech_trans/src/Assembly.cpp" />
      <jump line="3113" column="46" filename="$USER_HOME$/Research/mech_trans/src/Assembly.cpp" />
      <jump line="3121" column="40" filename="$USER_HOME$/Research/mech_trans/src/Assembly.cpp" />
      <jump line="3146" column="23" filename="$USER_HOME$/Research/mech_trans/src/Assembly.cpp" />
      <jump line="3148" column="91" filename="$USER_HOME$/Research/mech_trans/src/Assembly.cpp" />
      <jump line="39" column="0" filename="$USER_HOME$/Repos/Cinder/samples/Geometry-ImGui/src/Geometry-ImGuiApp.cpp" />
      <jump line="177" column="2" filename="$USER_HOME$/Repos/Cinder/samples/Geometry-ImGui/src/Geometry-ImGuiApp.cpp" />
      <jump line="4" column="0" filename="$USER_HOME$/Research/mechanical-transfer/src/Assembly.cpp" />
      <jump line="424" column="25" filename="$USER_HOME$/Research/mechanical-transfer/src/Assembly.cpp" />
      <jump line="137" column="30" filename="$USER_HOME$/Playground/CinderGP/src/CinderGP.cpp" />
      <jump line="1612" column="2" filename="$USER_HOME$/Research/mechanical-transfer/src/Assembly.cpp" />
      <jump line="1666" column="23" filename="$USER_HOME$/Research/mechanical-transfer/src/Assembly.cpp" />
      <jump line="1672" column="10" filename="$USER_HOME$/Research/mechanical-transfer/src/Assembly.cpp" />
      <jump line="1673" column="10" filename="$USER_HOME$/Research/mechanical-transfer/src/Assembly.cpp" />
      <jump line="1674" column="21" filename="$USER_HOME$/Research/mechanical-transfer/src/Assembly.cpp" />
      <jump line="1675" column="10" filename="$USER_HOME$/Research/mechanical-transfer/src/Assembly.cpp" />
      <jump line="1676" column="10" filename="$USER_HOME$/Research/mechanical-transfer/src/Assembly.cpp" />
      <jump line="1677" column="23" filename="$USER_HOME$/Research/mechanical-transfer/src/Assembly.cpp" />
      <jump line="1704" column="20" filename="$USER_HOME$/Research/mechanical-transfer/src/Assembly.cpp" />
      <jump line="2052" column="19" filename="$USER_HOME$/Research/mechanical-transfer/src/Assembly.cpp" />
      <jump line="17" column="0" filename="$USER_HOME$/Playground/CinderGP/src/CinderGP.cpp" />
      <jump line="292" column="30" filename="$USER_HOME$/Playground/CinderGP/src/CinderGP.cpp" />
      <jump line="31" column="0" filename="$USER_HOME$/Playground/CinderGP/src/CinderGP.cpp" />
      <jump line="103" column="31" filename="$USER_HOME$/Playground/Cinder/include/glm/detail/func_geometric.inl" />
      <jump line="320" column="65" filename="$USER_HOME$/Playground/CinderGP/src/CinderGP.cpp" />
      <jump line="149" column="21" filename="$USER_HOME$/Playground/Cinder/include/cinder/CinderMath.h" />
      <jump line="117" column="24" filename="$USER_HOME$/Playground/Cinder/include/glm/detail/func_geometric.inl" />
      <jump line="118" column="31" filename="$USER_HOME$/Playground/Cinder/include/glm/detail/func_geometric.inl" />
      <jump line="0" column="1" filename="$USER_HOME$/Playground/CinderGP/src/CinderGP.cpp" />
      <jump line="94" column="28" filename="$USER_HOME$/Playground/Cinder/include/glm/detail/func_geometric.inl" />
      <jump line="111" column="28" filename="$USER_HOME$/Playground/Cinder/include/glm/detail/func_geometric.inl" />
      <jump line="317" column="52" filename="$USER_HOME$/Playground/CinderGP/src/CinderGP.cpp" />
      <jump line="42" column="10" filename="$USER_HOME$/Playground/Cinder/include/glm/detail/precision.hpp" />
      <jump line="29" column="0" filename="$USER_HOME$/Playground/CinderGP/src/CinderGP.cpp" />
      <jump line="62" column="80" filename="$USER_HOME$/Playground/Cinder/include/cinder/app/App.h" />
      <jump line="394" column="15" filename="$USER_HOME$/Playground/Cinder/include/glm/detail/type_vec.hpp" />
      <jump line="178" column="15" filename="$USER_HOME$/Playground/Cinder/include/glm/detail/type_vec.hpp" />
      <jump line="86" column="6" filename="$USER_HOME$/Playground/Cinder/include/glm/detail/type_vec.hpp" />
      <jump line="323" column="8" filename="$USER_HOME$/Playground/CinderGP/src/CinderGP.cpp" />
      <jump line="86" column="31" filename="$USER_HOME$/Playground/Cinder/include/glm/detail/func_geometric.inl" />
      <jump line="344" column="29" filename="$USER_HOME$/Playground/CinderGP/src/CinderGP.cpp" />
      <jump line="1380" column="0" filename="$USER_HOME$/Playground/CinderGP/src/CinderGP.cpp" />
      <jump line="319" column="22" filename="$USER_HOME$/Playground/CinderGP/src/CinderGP.cpp" />
      <jump line="1381" column="7" filename="$USER_HOME$/Playground/CinderGP/src/CinderGP.cpp" />
      <jump line="978" column="18" filename="$USER_HOME$/Playground/CinderGP/src/CinderGP.cpp" />
    </jumps>
    <registers>
      <register name="&quot;" type="4">
        <text>/</text>
      </register>
      <register name="-" type="4">
        <text>/</text>
      </register>
      <register name="/" type="4">
        <text>v_c_axle</text>
      </register>
      <register name="0" type="2">
        <text encoding="base64">LSAgdmVydGV4X2Rlc2NyaXB0b3Igdl9sXzJfbGVnYmFyID0gYWRkVmVydGV4KGxfMmxlZ2Jhcik7Cg==</text>
      </register>
      <register name="1" type="2">
        <text encoding="base64">cGVuCg==</text>
      </register>
      <register name="2" type="2">
        <text encoding="base64">Ly8K</text>
      </register>
      <register name="3" type="2">
        <text encoding="base64">CgkJcmV0dXJuIHggPCBnZW5UeXBlKDApID8gZ2VuVHlwZSgtMSkgOiBnZW5UeXBlKDEpOwo=</text>
      </register>
      <register name="4" type="2">
        <text encoding="base64">ICAgIGNhc2UgS2V5RXZlbnQ6OktFWV9xOgogICAgICBtUXVhbGl0eVNlbGVjdGVkID0gUXVhbGl0eSgoaW50KSAobVF1YWxpdHlTZWxlY3RlZCArIDEpICUgMyk7Cg==</text>
      </register>
      <register name="5" type="2">
        <text encoding="base64">ICBjcmVhdGVHZW9tZXRyeSgpCg==</text>
      </register>
      <register name="6" type="2">
        <text encoding="base64">ICAgIG1DYW1lcmEubG9va0F0KCkK</text>
      </register>
      <register name="7" type="2">
        <text encoding="base64">ICAgIGZsb2F0IHRlc3QgPSBsZW5ndGgoZXllKTsK</text>
      </register>
      <register name="8" type="2">
        <text encoding="base64">ICAgIGZsb2F0IHRlc3QgPSBnbG06Omxlbmd0aDIoKHZlYzMpZXllKTsK</text>
      </register>
      <register name="9" type="2">
        <text encoding="base64">ICAgIGdsbTo6bGVuZ3RoKCh2ZWMzKWV5ZSk7Cg==</text>
      </register>
      <register name=":" type="4">
        <text>action SearchEverywhere</text>
      </register>
    </registers>
    <search>
      <last-search>v_c_axle</last-search>
      <last-offset />
      <last-pattern>v_c_axle</last-pattern>
      <last-dir>1</last-dir>
      <show-last>false</show-last>
    </search>
    <history>
      <history-search>
        <entry>offBase</entry>
        <entry>ofBase</entry>
        <entry>scroll</entry>
        <entry>Mouse</entry>
        <entry>pri</entry>
        <entry>cmake</entry>
        <entry>set</entry>
        <entry>cotire</entry>
        <entry>meshQuery</entry>
        <entry>loadmesh</entry>
        <entry>load</entry>
        <entry>mechconn</entry>
        <entry encoding="base64">dmVyIA==</entry>
        <entry>base</entry>
        <entry>mesh</entry>
        <entry encoding="base64">XDxPRl9ST09UX0RJUlw+</entry>
        <entry>ui</entry>
        <entry>handlesV</entry>
        <entry>ui::</entry>
        <entry>v_c_axle</entry>
      </history-search>
      <history-cmd>
        <entry>actionlist acejump</entry>
        <entry>aceaction</entry>
        <entry>actionlist ace</entry>
        <entry>action AceAction</entry>
        <entry encoding="base64">c291cmNlIH4vLmlkZWF2aW1yYzxDUj4=</entry>
        <entry>action GotoImplementation</entry>
        <entry>action Find</entry>
        <entry>action CommentByLineComment</entry>
        <entry>action vimWindowSplitVertical</entry>
        <entry>actionlist vimwindow</entry>
        <entry>action VimWindowSplitVertical</entry>
        <entry>action OpenFile</entry>
        <entry>action open</entry>
        <entry>actionlist</entry>
        <entry>actionlist open</entry>
        <entry>actionlist close</entry>
        <entry>action GotoAction</entry>
        <entry>actionlist search</entry>
        <entry>source ~/.ideavimrc</entry>
        <entry>action SearchEverywhere</entry>
      </history-cmd>
      <history-expr />
      <history-input />
    </history>
    <shortcut-conflicts>
      <shortcut-conflict owner="vim">
        <text>ctrl pressed W</text>
      </shortcut-conflict>
      <shortcut-conflict owner="vim">
        <text>ctrl pressed U</text>
      </shortcut-conflict>
      <shortcut-conflict owner="ide">
        <text>ctrl pressed V</text>
      </shortcut-conflict>
      <shortcut-conflict owner="vim">
        <text>ctrl pressed A</text>
      </shortcut-conflict>
      <shortcut-conflict owner="vim">
        <text>ctrl pressed B</text>
      </shortcut-conflict>
      <shortcut-conflict owner="vim">
        <text>ctrl pressed X</text>
      </shortcut-conflict>
      <shortcut-conflict owner="vim">
        <text>ctrl pressed M</text>
      </shortcut-conflict>
      <shortcut-conflict owner="vim">
        <text>ctrl pressed N</text>
      </shortcut-conflict>
      <shortcut-conflict owner="vim">
        <text>shift ctrl pressed 2</text>
      </shortcut-conflict>
      <shortcut-conflict owner="ide">
        <text>ctrl pressed C</text>
      </shortcut-conflict>
      <shortcut-conflict owner="vim">
        <text>ctrl pressed D</text>
      </shortcut-conflict>
      <shortcut-conflict owner="vim">
        <text>ctrl pressed Y</text>
      </shortcut-conflict>
      <shortcut-conflict owner="vim">
        <text>ctrl pressed O</text>
      </shortcut-conflict>
      <shortcut-conflict owner="vim">
        <text>ctrl pressed P</text>
      </shortcut-conflict>
      <shortcut-conflict owner="vim">
        <text>ctrl pressed E</text>
      </shortcut-conflict>
      <shortcut-conflict owner="vim">
        <text>ctrl pressed F</text>
      </shortcut-conflict>
      <shortcut-conflict owner="vim">
        <text>ctrl pressed OPEN_BRACKET</text>
      </shortcut-conflict>
      <shortcut-conflict owner="vim">
        <text>ctrl pressed Q</text>
      </shortcut-conflict>
      <shortcut-conflict owner="vim">
        <text>ctrl pressed 2</text>
      </shortcut-conflict>
      <shortcut-conflict owner="vim">
        <text>ctrl pressed R</text>
      </shortcut-conflict>
      <shortcut-conflict owner="vim">
        <text>ctrl pressed G</text>
      </shortcut-conflict>
      <shortcut-conflict owner="vim">
        <text>ctrl pressed H</text>
      </shortcut-conflict>
      <shortcut-conflict owner="vim">
        <text>ctrl pressed CLOSE_BRACKET</text>
      </shortcut-conflict>
      <shortcut-conflict owner="vim">
        <text>shift ctrl pressed 6</text>
      </shortcut-conflict>
      <shortcut-conflict owner="vim">
        <text>ctrl pressed S</text>
      </shortcut-conflict>
      <shortcut-conflict owner="vim">
        <text>ctrl pressed T</text>
      </shortcut-conflict>
      <shortcut-conflict owner="vim">
        <text>ctrl pressed I</text>
      </shortcut-conflict>
      <shortcut-conflict owner="vim">
        <text>shift pressed TAB</text>
      </shortcut-conflict>
      <shortcut-conflict owner="vim">
        <text>ctrl pressed J</text>
      </shortcut-conflict>
      <shortcut-conflict owner="vim">
        <text>ctrl pressed K</text>
      </shortcut-conflict>
      <shortcut-conflict owner="vim">
        <text>ctrl pressed BACK_SLASH</text>
      </shortcut-conflict>
      <shortcut-conflict owner="vim">
        <text>ctrl pressed ENTER</text>
      </shortcut-conflict>
      <shortcut-conflict owner="vim">
        <text>ctrl pressed L</text>
      </shortcut-conflict>
    </shortcut-conflicts>
  </component>
</application>